"project_id","Project_Name","Longitud","Latitud","Customer_Type","start_date","year","Image","Service_2","Blog_Link","Scope of work","Service","Document Folder","Client","Status","Department","Municipality","Specific Project"
"1","Avian Pointe","-81.556665","28.679263","Commercial","1/4/2023","2023","https://res.cloudinary.com/dmbgxvfo0/image/upload/v1754092905/R6_drd1ck.jpg","[""CAD Drafting""]","https://news.kronosgmt.com/commercial-pool-avian-pointe","Permit Plans for: 
A custom-shaped commercial pool with zero entry, standard gutter,  1,480 square feet, 33,085 gallons of water, and room for 43 people.","[""Pool Design""]","/:f:/s/PROJECTS/Enn80NsPYR1HlW5MmyYROeMBmSqD40lZcT0p8RA1wqNYtw?e=yC2fMC","Tonmor LLC","Done","[""Engineering""]",,"Avian Pointe"
"96","Palmira Project","-76.209209","3.499351","Residencial","4/2/2025","2025","https://res.cloudinary.com/dmbgxvfo0/image/upload/v1754093090/7.00_kxopvr.jpg","[""CAD Drafting"",""3D Rendering""]",,"Outdoor Living Design:
- Pool
- Playground
- Gym
- Landscaping","[""Outdoor Design""]","/:f:/s/PROJECTS/Ejk3-zsg-9tFlhe9QOgdDpIBKzSYWPLCHuFKZpm3kJosVQ?e=CB5nOy","GDC All Construction","Done","[""Architecture""]",,"[]"
"105","Gabriel Residential Pool","-81.2649956561706","28.5623708238851","Residencial","5/9/2025","2025",,,,,"[""Pool Design""]","/:f:/s/PROJECTS/ElEqsHshzldInLuG6xyasWsB5szyJdO1tzQFRn-8lLZnhg?e=JEcYaw",,"Done","[""Engineering""]",,"[]"
"104","Hannibal Square - Townhouses","-81.4104010603154","28.5321527437567","Commercial","5/8/2025","2025",,,,,"[""Schedule"",""Budget""]","/:f:/s/PROJECTS/EgnC4oILgG1FqEIbJkTWohQBMwUMkbLONyfCnFyEOelnvQ?e=JF3dDT","GDC All Construction","Done","[""Project Management""]",,"[]"
"101","Thomas Suresh Zacharia","-82.313607944878","27.8854655417284","Residencial","4/22/2025","2025",,,,,"[""Budget"",""Schedule""]","/:f:/s/PROJECTS/EitjN6V3pYxJrb6GhDbZnboBBY5O_u3_qN1x4PBV5NQHCQ?e=zbtdcx","Supreme Construction Orlando","Done","[""Project Management""]",,"[]"
"103","Orange Lake Splash Pad","-82.7041650909396","30.1380390730388","Commercial","5/1/2025","2025",,,,,"[""Pool Design""]","/:f:/s/PROJECTS/EvTEzAE3HuJJmQ299fTvIRQBahkjmic4ly_4qUmNTeE9UQ?e=XAd0Qm","Tonmor JC","Done","[""Engineering""]",,"[]"
"99","UCF -  OTC Vasu Lab Expansion into 305A","-81.1961170044915","28.5891743899739","Commercial","4/22/2025","2025",,,,,"[""Budget"",""Schedule""]","/:f:/s/PROJECTS/Eo_VBQArVvVErPJve_M8cMoBTNjpDxYA0Jfc4p7qPWDRBA?e=GCWgX7","GDC All Construction","Done","[""Project Management""]",,"[]"
"65","Sunrise Apartments Phase 2","-81.479479","28.345496","Commercial","3/14/2024","2024",,,,,"[""Pool Design""]","/:f:/s/PROJECTS/Eq16eZ8lpphAkuuvl9wkD9cBtFcWsu93MD6zPMC5DKefVw?e=H1jZUi","Tonmor LLC","Done","[""Engineering""]",,"[]"
"88","Kompose Maingate","-81.5815900828984","28.3443133924788","Commercial","10/21/2024","2024",,,,,"[""Pool Design""]","/:f:/s/PROJECTS/EqMqkdqVc8FLiFRnCAZecTgBp0FB9FfYg2YVVDinn_Z0wQ?e=6jctWZ","Tonmor JC","Done","[""Engineering""]",,"[]"
"66","Southwood Village P1","-82.438755","27.341527","Commercial","3/15/2024","2024",,,,,"[""Budget"",""Schedule""]","/:f:/s/PROJECTS/Eq16eZ8lpphAkuuvl9wkD9cBtFcWsu93MD6zPMC5DKefVw?e=u3OYoS","CODE LLC","Done","[""Project Management""]",,"[]"
"78","Waterside Jacaranda","-82.388827","27.090627","Commercial","7/9/2024","2024",,,,,"[""Pool Design""]","/:f:/s/PROJECTS/Eqp4MK04tz1Dgws0gs44-a8BVFx7De2yO9n3UJOkU2ZhKA?e=m2068Y","Tonmor JC","Done","[""Engineering""]",,"[]"
"87","Oakfield Lakes Fountain","-82.4510886124251","27.6271211428104","Commercial",,"2024",,,,,"[""Pool Design""]","/:f:/s/PROJECTS/ElqteX21scNElyYW38guW30BocYULC4gwCO2ZjUQ7-1xhA?e=IbgAwg","Tonmor JC","Done","[""Engineering""]",,"[]"
"91","Rye Ranch Amenities","-82.3901180495925","27.5300141716115","Commercial",,"2024",,,,,"[""Pool Design""]",,"Tonmor JC","Done","[""Engineering""]",,"[]"
"19","Tranquility Shores","-80.788285","28.534617","Commercial","4/27/2023","2023",,,,,"[""Pool Design""]","/:f:/s/PROJECTS/EvtgHoKwl7xKqHP0j8usk_ABaBK2kXT6pWfoO8bBI5UYQg?e=7da335","Tonmor LLC","Done","[""Engineering""]",,"Tranquility Shores Pool"
"25","Pimentel Family","-81.482732","28.469438","Residencial","5/26/2023","2023",,,,,"[""Pool Design"",""Interior Design"",""Outdoor Design"",""Landscaping Design""]","/:f:/s/PROJECTS/EmudDLVM7VhPlNZ3MXaAag0ByrlF6BEcpItHZfoL7iwQ1w?e=Neu3aB","Alerso","Done","[""Architecture"",""Engineering""]",,"[]"
"47","Ocean Coast Hotel (Lazy River)","-81.438809","30.63909","Commercial","10/1/2023","2023",,,,,"[""Pool Design""]","/:f:/s/PROJECTS/Ekv7U6zN5jFJuhY4F5feuToB1N4YSdY9ATudvgd213esDg?e=NB7quS","Tonmor LLC","Done","[""Engineering""]",,"Ocean Coast - Spa,Ocean Coast - Lazy River ,Ocean Coast - Existing Pool "
"84","Universal Bulevar Building","-81.2751","28.27098","Commercial","9/24/2024","2024",,,,,,"/:f:/s/PROJECTS/EirdvUc6anJJiYxh0ZnDqJ0BQKqdt3aDjiPOS9yuhS7mFQ?e=aGnWa9","CAS Constructions","Done","[""Architecture""]","Orlando","[]"
"86","PR.GEO-RD24015 Seidel Road Roundabout",,,,"9/23/2024","2024",,,,,,,"Nadic Engineering Services","Done","[""Engineering""]",,"[]"
"74","St Johns Splash Pad","-81.3872530035486","29.9095154729947","Commercial","6/11/2024","2024",,,,,"[""Pool Design""]","/:f:/s/PROJECTS/EtBxLVfQ1nBDqORVCWz6jO4BlAipkigW-HTxUVt713Rjaw?e=T7C6F0","Tonmor JC","Done","[""Engineering""]",,"[]"
"2","Altis Suncoast","-82.542038","28.191384","Commercial","1/4/2023","2023",,,,,"[""Pool Design""]","/:f:/s/PROJECTS/Etuf4fD1N75Lp207UciqqYQBIbNeiECDqX6_BoFUY7OcKQ?e=1CQ5v8","Tonmor JC","Done","[""Engineering""]",,"Altis Suncoast"
"79","Indy Park - V2","-82.551931","27.980616","Commercial","7/24/2024","2024",,,,,"[""Pool Design""]",,"Tonmor LLC","Done","[""Engineering""]",,"[]"
"76","Reunion Fountain Remodel","-81.588612","28.269487","Commercial","6/24/2024","2024",,,,,"[""Pool Design""]",,"Tonmor JC","Done","[""Engineering""]",,"[]"
"3","Avida ","-81.270302","28.554725","Commercial","1/8/2023","2023",,,,,"[""Pool Design""]","/:f:/s/PROJECTS/EiByaqjcs2VPhbAalnDQNUUBzKniapnbEDH9A2vz_m7kOw?e=bHGX4O","Tonmor JC","Done","[""Engineering""]",,"Avida Pool"
"4","Tapestry Nona Pool","-81.309115","28.351946","Commercial","1/9/2023","2023",,,,,"[""Pool Design""]","/:f:/s/PROJECTS/EgOvSm7ngs9Pp_lVjSRQlowB6vmS6PspDnvqq2DC85PmRA?e=dfB7aD","Tonmor LLC","Done","[""Engineering""]",,"Tapestry Nona Pool"
"5","Stillwell Apartments","-81.229113","29.475844","Commercial","1/18/2023","2023",,,,,"[""Pool Design""]","/:f:/s/PROJECTS/Etku43m3rhtHuZST60rUoDkBRQB6rF0fF1Qwnym5OVZqvg?e=Vjdecc","Tonmor JC","Done","[""Engineering""]",,"Stillwell Apartments"
"6","Brightmore Amenity Pool","-82.308159","27.027267","Commercial","1/19/2023","2023",,,,,"[""Pool Design""]","/:f:/s/PROJECTS/Ev6Is1uIYW1HpkB7edObYh4BARUryW5egb3ljDjW8X2_pQ?e=piiQYt","Tonmor LLC","Done","[""Engineering""]",,"Brightmore lap Pool,Brightmore Spa,Brightmore Zero Entry Pool"
"7","Structural Calculation wall",,,"Commercial","1/20/2023","2023",,,,,"[""Structural Calculation""]","/:f:/s/PROJECTS/EhFGmcQMyH5KuAPbz0S1kh4B4TmbOFS-pVnCX-VwYqwBCA?e=vkC8e0","Tonmor LLC","Done","[""Engineering""]",,"[]"
"8","District West Pool","-81.415952","28.567361","Commercial","1/31/2023","2023",,,,,"[""Pool Design""]","/:f:/s/PROJECTS/EpoHIO6Cb2FOj55cmt4wapsBY74xD-D96Xnm0HSB-nHQvA?e=rdmbf7","Tonmor LLC","Done","[""Engineering""]",,"Distric West Pool"
"82","PR.GEO-CV23027 Winter Springs East WRF",,,"Commercial","9/18/2024","2024",,,,,,"/:f:/s/PROJECTS/EtjLXYUoH7pItsfNr1Uf-R4Bdgx5kaY2SkaPx9KnJHsfwA?e=2Tsknc","Nadic Engineering Services","Done","[""Engineering""]",,"[]"
"83","PR.GEO-RD24016-Kirby Smith Rd_North Shore Golf Club Blvd",,,,"9/22/2024","2024",,,,,,,,"Done","[""Engineering""]",,"[]"
"9","Coquina Key Pool","-82.638832","27.729951","Commercial","2/1/2023","2023",,,,,"[""Pool Design""]","/:f:/s/PROJECTS/EtDPbuXI9UBCj5vxQp_XntsBZT4Jhmhgid-JDRKfW-H0-A?e=8bF8c6","Tonmor LLC","Done","[""Engineering""]",,"Coquina Key"
"10","Simmons Loop Pool","-82.34197","27.781286","Commercial","2/9/2023","2023",,,,,"[""Pool Design""]","/:f:/s/PROJECTS/EmwlF_tqKitIrS4nHKzbG5wBzL5MfmRyBpO1DKB3G8bBKw?e=65QYFp","Tonmor LLC","Done","[""Engineering""]",,"Simmons 1,Simmons 2"
"11","The Ranches At Lake Pool","-81.752015","27.956928","Commercial","2/12/2023","2023",,,,,"[""Pool Design""]","/:f:/s/PROJECTS/EkuAqMGQQ7lEsgJQbKkUd48BtU1DfyOXHY6IScSLxak_ig?e=yzWPKo","Tonmor LLC","Done","[""Engineering""]",,"The Ranches At Lakes McLeod"
"12","Gas Worx Pool V1","-82.448125","27.959852","Commercial","2/16/2023","2023",,,,,"[""Pool Design""]",,"Tonmor LLC","Done","[""Engineering""]",,"[]"
"13","Brentwood Tribridge","-81.547744","28.20959","Commercial","2/23/2023","2023",,,,,"[""Pool Design""]","/:f:/s/PROJECTS/EmCHNOoVG2FCp_k-8xDs464BgGnmir6VfLozY-YOXdmyWQ?e=712Vhs","Tonmor JC","Done","[""Engineering""]",,"Brentwood Tribridge Pool"
"14","The Preserve At Melbourne","-80.683272","28.127339","Commercial","2/26/2023","2023",,,,,"[""Pool Design""]","/:f:/s/PROJECTS/EtwOmBAd3kdLlpefvX0hSagBbrNZSG8xfqOaPPqNdhyC3Q?e=FEM90l","Tonmor LLC","Done","[""Engineering""]",,"The Preserve At Melbourne"
"15","Cordova","-81.031185","29.032797","Commercial","2/26/2023","2023",,,,,"[""Pool Design""]","/:f:/s/PROJECTS/Ev1Yx_d1Pj9FlB2Cc7_LIBkBJiEnY_p1Ls5HzJTKGMGTPA?e=iXcVJO","Tonmor LLC","Done","[""Engineering""]",,"Cordova Pool"
"16","Arlington Dale Mabry","-82.471534","28.175162","Commercial","3/2/2023","2023",,,,,"[""Pool Design""]","/:f:/s/PROJECTS/ElkWfgZS2JpHp62ltFs3qLIB0E2S1gG2FKqRfp6SCNjQGg?e=5Z0pA8","Tonmor LLC","Done","[""Engineering""]",,"Arlington Dale Mabry"
"17","Sentosa Epperson","-82.280221","28.272026","Commercial","4/10/2023","2023",,,,,"[""Pool Design""]","/:f:/s/PROJECTS/EoToj-G88i1NvCRgRHrx2K0BR9o9wsqv0osrG1jFNhQBRQ?e=zFKuCm","Tonmor LLC","Done","[""Engineering""]",,"Sentosa Epperson Pool"
"18","Holiday Inn Express Pool","-80.599411","28.405408","Commercial","4/19/2023","2023",,,,,"[""Pool Design""]","/:f:/s/PROJECTS/Elhgrf-H5BtElNN-52acY38BlXKXHujj_jam-mSs5vbL4g?e=jzqjiK","Tonmor JC","Done","[""Engineering""]",,"Holiday Inn Express Pool"
"20","Eden At Widwood","-82.00808","28.785824","Commercial","4/30/2023","2023",,,,,"[""Pool Design""]",,"Tonmor LLC","Done","[""Engineering""]",,"[]"
"21","3905 CRAIG AVE","-81.476906","27.531904","Residencial","5/7/2023","2023",,,,,"[""Interior Design""]","/:f:/s/PROJECTS/Ek64eQ8XwVdApzMW8_qdkvABdyFe9zfRCOQ0VwS60Tzmew?e=CAFZv9","Rafael","Done","[""Architecture""]",,"[]"
"22","Solamar Wildwood","-82.027924","28.865746","Commercial","5/9/2023","2023",,,,,"[""Pool Design""]","/:f:/s/PROJECTS/Es5g_oidXetKsHg-a_QwV-IB8Igg0qYC7giyiZbzTLsVCg?e=VSlwXu","Tonmor JC","Done","[""Engineering""]",,"Solamar pool"
"23","Fran’ Project","-81.655078","28.3342","Residencial","5/14/2023","2023",,,,,"[""Landscaping Design""]","/:f:/s/PROJECTS/EhFxsp2xZrBAowsDbfkAf-UBXdhy0axW3ASc6o24K2zcgQ?e=eaywDk","Kenneth","Done","[""Architecture""]",,"[]"
"24","Grand Capital Pool","-81.479836","30.103729","Commercial","5/22/2023","2023",,,,,"[""Pool Design""]","/:f:/s/PROJECTS/EnQ8xrg7D3NMoDx3j_SSQGkBRy0umHTeMStJglIfZpRuXg?e=mhzbS4","Tonmor LLC","Done","[""Engineering""]",,"Grand Capital Pool"
"26","The Commons Apts ","-81.540751","30.321145","Commercial","5/30/2023","2023",,,,,"[""Pool Design""]","/:f:/s/PROJECTS/EvkuWZ2JIcVPlccd3gFEonIB6-yRwB_4XDYeXx6d9zkRNA?e=fVGmYf","Tonmor LLC","Done","[""Engineering""]",,"The Commons Apt"
"27","Madison Fountains Pool","-81.490556","30.077179","Commercial","6/3/2023","2023",,,,,"[""Pool Design""]","/:f:/s/PROJECTS/EpRm6qTsHaBGpRwAU_-fsqsBCWv8vt3Z61utsr5vmpw21Q?e=SXTSIZ","Tonmor LLC","Done","[""Engineering""]",,"Madison Fountains"
"28","Evelyn City Lofts Pool","-82.449672","28.011163","Commercial","6/4/2023","2023",,,,,"[""Pool Design""]","/:f:/s/PROJECTS/Elmbjm9P_Q9FkhGek0xq_wQBCsd1qJEvc4xdJBqtX7rFZw?e=sS1f7p","Tonmor JC","Done","[""Engineering""]",,"Evelyn City Lofts Pool"
"29","Windward Hills","-81.270242","28.554613","Commercial","6/4/2023","2023",,,,,"[""Pool Design""]","/:f:/s/PROJECTS/EgENq9oQi8VOvQlmnVQikgsBbprFGUj4kjVE5jYh4PXMLg?e=Gdewt7","Tonmor JC","Done","[""Engineering""]",,"Windward Hills Pool"
"30","Park West Pool","-81.682135","28.363045","Commercial","6/6/2023","2023",,,,,"[""Pool Design""]","/:f:/s/PROJECTS/Enz29mwSBrNAsvM9gm_n210BEnBUUxx-aAQVrJZsEj8JIg?e=fJxxsE","Tonmor JC","Done","[""Engineering""]",,"Park West Pool"
"31","Devmar Breeze Pool","-81.728285","28.007875","Commercial","6/8/2023","2023",,,,,"[""Pool Design""]","/:f:/s/PROJECTS/ElhByq7fqEhJg3KGWp_t7tQBUltr4uCwzEotmXr8Rc8BFg?e=qaTDN4","Tonmor LLC","Done","[""Engineering""]",,"Devmar Breeze Pool"
"32","Videos_Rafael",,,"Commercial","6/11/2023","2023",,,,,"[""Video Edition""]",,"Rafael","Done","[""Marketing""]",,"[]"
"33","Aqua Tots","-81.204403","28.649878","Commercial","6/13/2023","2023",,,,,"[""Pool Design""]","/:f:/s/PROJECTS/Euk8u3iw0iRLuwSJYTa8U8AB8JPnLdrqYoJXktBdXFUNrA?e=pcO5SQ","Tonmor JC","Done","[""Engineering""]",,"[]"
"34","Marlowe At Ridgeview","-81.679181","28.331455","Commercial","6/18/2023","2023",,,,,"[""Pool Design""]","/:f:/s/PROJECTS/EoJ-ROFwhwpHsx-HP7YsujQBtUXN2KSLStwTC_SA2w661g?e=9bbZAd","Tonmor LLC","Done","[""Engineering""]",,"Marlowe At Ridgeview primary,Marlowe At Ridgeview Secundary"
"35","Eagles Landing ","-82.024353","28.030579","Commercial","6/18/2023","2023",,,,,"[""Pool Design""]","/:f:/s/PROJECTS/Eq6noBkPHihAkuyLxvTXR-0BQD6GXVcmoWV3MUYGKyGSHg?e=OgTjOC","Tonmor LLC","Done","[""Engineering""]",,"Eagles Landing"
"36","Gas Worx Pool V2","-82.448125","27.959852","Commercial","6/19/2023","2023",,,,,"[""Pool Design""]","/:f:/s/PROJECTS/EsCISnczxUZBqoUCrg7JOmMB4S-lEZVCW_ap4FT7frsg-A?e=iClPh2","Tonmor LLC","Done","[""Engineering""]",,"Gas Worx V2"
"37","Logo Proelsi Tax",,,"Commercial","6/29/2023","2023",,,,,"[""Logo Design""]",,"Proelsi Tax","Done","[""Marketing""]",,"[]"
"38","LakeHouse Apartments","-81.868842","28.801746","Commercial","7/5/2023","2023",,,,,"[""Pool Design""]","/:f:/s/PROJECTS/EortiIgOqcBEjbee3WGSe2IBmbJxd3YW7o-7JTZe55J7iw?e=wsFJHa","Tonmor JC","Done","[""Engineering""]",,"Lakehouse Apartments"
"39","Two Rivers Pasco",,,"Commercial","8/2/2023","2023",,,,,"[""Pool Design""]","/:f:/s/PROJECTS/EgiR0TCxGRVHrVcVD7VujREBgDh4369vzDSQ9D1dbEelmg?e=z0gcA0","Tonmor LLC","Done","[""Engineering""]",,"Two Rivers Pasco"
"40","Altra Lake Willis","-81.48128","28.392601","Commercial","8/3/2023","2023",,,,,"[""Pool Design""]","/:f:/s/PROJECTS/EpcfVTdtCNNCn6iJPQyClUABWvWfIRABq_HyfkcB2QJaYA?e=ioC1ml","Tonmor LLC","Done","[""Engineering""]",,"Altra Lake Willis"
"42","Livano Pool","-84.231439","30.462828","Commercial","8/27/2023","2023",,,,,"[""Pool Design""]","/:f:/s/PROJECTS/ErvM9gFJ6CJFuCpD7dyjhOwBYT7EfEq9_xDcYXu2M8ApuQ?e=ZtMELL","Tonmor JC","Done","[""Engineering""]",,"Livano Pool"
"43","Rodriguez Family","-81.647757","28.193416","Residencial","9/1/2023","2023","https://res.cloudinary.com/dmbgxvfo0/image/upload/v1754021132/Axometric_Outdoor_living_P%C3%A1gina_09_cg3iav.jpg","[""CAD Drafting"",""3D Rendering""]",,"Outdoor Living Design:
- Pool & Spa
- Outdoor Kitchen
- Courtyard
- Pavillion / Game Room
- Landscaping","[""Pool Design"",""Landscaping Design"",""Outdoor Design"",""Budget""]","/:f:/s/PROJECTS/EoKqr7rq3UlAsKuKRqzc65MBJJSO7-3By0KFwsjL_iQqlw?e=5j6E8J","Familia Rodriguez","Done","[""Architecture"",""Project Management"",""Engineering""]",,"[]"
"45","Pool Challenge - Miami Beach","-80.146793","25.798701","Residencial","9/14/2023","2023",,,,,"[""Pool Design"",""Landscaping Design"",""Outdoor Design""]","/:f:/s/PROJECTS/Et2zkiWVksNEqpLBGXqcuvYBQbkDCpzYNDghWqcLPGvmcw?e=WC22Uz","Kronos GMT LLC","Done","[""Architecture"",""Marketing"",""Engineering""]",,"[]"
"46","Imperial Crossing Aurora","-81.81036","26.334282","Commercial","9/21/2023","2023",,,,,"[""Pool Design""]","/:f:/s/PROJECTS/EkrUrCPq5R9GuRd9jy7o9ycB5iLzzwFf7uqt19tUQ9YZEw?e=zsMgw1","Tonmor JC","Done","[""Engineering""]",,"Imperial Crossing Aurora Pool,Imperial Crossing Aurora Spa"
"48","Sky St Pete Apartments Elevated Pool & Spa","-81.467894","28.223117","Commercial","11/7/2023","2023",,,,,"[""Pool Design""]","/:f:/s/PROJECTS/ErlDZZ_CLx1DqHAOFXemPk8BtqyNpP_dVvga6GZdwe2_DA?e=WIDK7y","Tonmor JC","Hold","[""Engineering""]",,"[]"
"95","St Pt Tower",,,"Commercial","3/29/2025","2025",,,,,"[""Pool Design""]","/:f:/s/PROJECTS/Eu5POxi9ZhZGtXvhyvRBamkBAQzLplOdClY3co0rKDiMTw?e=K8nH6g","Tonmor JC","Hold","[""Engineering""]",,"[]"
"85","Justin Johnson & Casey Leigh","-81.3359169486735","28.4861493144823","Commercial","9/25/2024","2024",,,,,"[""Pool Design"",""Outdoor Design""]",,"Best FL Pools & Spa","Hold","[""Architecture"",""Engineering""]",,"[]"
"49","Alexander Park Pool","-81.467894","28.223117","Commercial","11/26/2023","2023",,,,,"[""Pool Design""]","/:f:/s/PROJECTS/EhqClU8J3ANPuSWDRfxvBdwBN24PJwYNK3CcOhVI-rtz-A?e=sTzRvJ","Tonmor JC","Done","[""Engineering""]",,"[]"
"50","Casa 1500",,,"Commercial","12/13/2023","2023",,,,,"[""Budget"",""Schedule""]","/:f:/s/PROJECTS/EkzSmJXfPMxHs8qK-jfOve0BdECNmXB9JVK09GEsWjvF7w?e=hsDzAh","Manuel suasnabar","Canceled","[""Project Management""]",,"[]"
"51","Marriot Restrooms & Lockers",,,"Commercial","12/22/2023","2023",,,,,"[""Interior Design""]","/:f:/s/PROJECTS/EiZXkys7P1BAuT2yH2ibb-wBVHUiClLdknTv5O9O4V7WBA?e=tzS4Vw","Vermana","Canceled","[""Architecture""]",,"[]"
"52","Walkway Driveway","-81.454736","28.350185","Residencial","12/29/2023","2023",,,,,"[""Technical Plans""]","/:f:/s/PROJECTS/EopnnpNFo7NBjzzpdlvWhPUB_CuWMtA37nE2PwxPKgCzsA?e=4e48zl","Zuleika","Done","[""Engineering""]",,"[]"
"53","Rotonda Heights Conservation Association","-82.3072019","26.9159509","Commercial","2/14/2024","2024",,,,,"[""Landscaping Design"",""Technical Plans""]","/:f:/s/PROJECTS/Eqlbl-7f-w9NqCS3wKQ4ct0BKz52VneshB9rTV5Lo2SFxQ?e=Lt9604","Vilag Improvements, Corp","Done","[""Engineering""]",,"[]"
"81","Samantha - Interior Design",,,"Residencial","8/19/2024","2024",,,,,"[""Interior Design""]","/:f:/s/PROJECTS/Eq0kld2Qy_tHuD9hkxqOwPwBVWpmS2Hcc9f7g7dfDlSZVA?e=Ben7NK","Samantha Perez","Canceled","[""Architecture""]",,"[]"
"54","Cosmetic Building","-81.2388099045021","28.3005734514087","Commercial","2/26/2024","2024",,,,,"[""Interior Design"",""Outdoor Design"",""Landscaping Design"",""Technical Plans""]","/:f:/s/PROJECTS/EkJG3Qj8PJ9GlTND5BdZ-_gBngzFhEoUw5uD2WximQ39Sw?e=aRSehH","Andrea","Canceled","[""Engineering"",""Architecture"",""Project Management""]",,"[]"
"55","FS52 RESTROOM RENOVATION","-81.440712","28.450972","Commercial","2/26/2024","2024",,,,,"[""Budget""]","/:f:/s/PROJECTS/EjyReqxV-AxLtZl2035sGocBi2zPKCgfnNTOxvPEu1eu0g?e=OUPW6Z","Arijatos, Inc","Canceled","[""Project Management""]",,"[]"
"56","Normandy Boulevard Apartment Community","-80.306304","26.017534","Commercial","2/23/2024","2024",,,,,"[""Pool Design""]","/:f:/s/PROJECTS/EqmRg_5F3sdDoaqb6XAzWNgBYp9JLhRBxwDHH8OWHj2dJA?e=pSWdmR","Tonmor JC","Done","[""Engineering""]",,"Normandy Boulevard Apartment Community"
"57","CODE Logo Design",,,"Commercial","2/23/2024","2024",,,,,"[""Logo Design""]","/:f:/s/PROJECTS/EgQPr09crlVBlPrBfQm4-2sBpy1ZWlxDtOAAFXf8AfdrjQ?e=VNoeaS","CODE LLC","Done","[""Marketing""]",,"[]"
"58","Luis Backyard",,,"Commercial","2/24/2024","2024",,,,,"[""Pool Design"",""Outdoor Design""]","/:f:/s/PROJECTS/Eqt-uteCTFVEq_RaDunvAlQBKtHxCksR9EBVTBqFhznLog?e=WWMf19","Tutto Company","Canceled","[""Engineering"",""Architecture""]",,"[]"
"59","Jonathan Backyard","-81.5371819603267","28.2267809298396","Residencial","2/25/2024","2024",,,,,"[""Outdoor Design""]","/:f:/s/PROJECTS/EveoWw1UE3JNqkw06R2r1rkBLkDujepQQwKrFO7iw1GJeg?e=9Owg2Z","Jonathan Mendez","Canceled","[""Architecture""]",,"[]"
"60","Remodelation House Windermere","-81.5282132603181","28.4577564925928","Commercial","2/26/2024","2024",,,,,"[""Interior Design""]","/:f:/s/PROJECTS/ElRQSAeFwq9FtaWGwSs0g5EBEZ8j6UIlLNeqR48LVEyNZg?e=yA2gwg","JMB Solution Services","Canceled","[""Architecture""]",,"[]"
"61","Guaco Backyard","-81.251288","28.354025","Residencial","3/5/2024","2024",,,,,"[""Landscaping Design""]","/:f:/s/PROJECTS/Eo5Z5lEB3YlElAy2f7Trx4MBgqGyT9qJ04flNbv8HZLyhg?e=h07S1y",,"Canceled","[""Architecture""]",,"[]"
"62","Lift Station 34 Replacement ITB","-81.012919","29.230421","Commercial","3/12/2024","2024",,,,,"[""Budget""]","/:f:/s/PROJECTS/ErGyu_7_7qBFtr2Rts1nhOEBPv5dxU9Rl1pk522RWL_Wvw?e=dqapB5","Arijatos, Inc","Done","[""Project Management""]",,"[]"
"106","Minhaz Lalany Residence","-82.6056736314956","28.0995213608664","Residencial","5/20/2025","2025",,,,,"[""Budget"",""Schedule""]","/:f:/s/PROJECTS/EggrAlesz2NFkBdjXMSMFQABnj6Am4Zi73sLlXPs8hD5lg?e=aighHE","Supreme Construction Orlando","Client Revision","[""Project Management""]",,"[]"
"93","Summerlit Pool & Spa","-81.6890170641342","26.0431054718683","Commercial","1/25/2025","2025",,,,,"[""Pool Design""]","/:f:/s/PROJECTS/EoVGFgTYLotBhgCLW9WYXvUBkEYRnSGoEbPxxSbWE52Q6w?e=QC2SJN","Tonmor JC","Client Revision","[""Engineering""]",,"[]"
"97","Knanaya Club House ",,,"Commercial","3/31/2025","2025",,,,,"[""Budget"",""Schedule""]","/:f:/s/PROJECTS/Ej_Nzc1vZ-dOiMIlJ3vBHGYBVYECLkyxlnwuV4dquq7KWw?e=NziYmf","Supreme Construction Orlando","Client Revision","[""Project Management""]",,"[]"
"63","Coquina V2","-82.638832","27.729951","Commercial","3/14/2024","2024",,,,,"[""Pool Design""]","/:f:/s/PROJECTS/EhXAir0l7TxEm0Ety1ZirZkBLDqrj-7w6P51oRk-5Vw4XA?e=TnZ18U","Tonmor JC","Done","[""Engineering""]",,"[]"
"64","Indy Park","-82.551554","27.979827","Commercial","3/14/2024","2024",,,,,"[""Pool Design""]","/:f:/s/PROJECTS/ErQJX9SALllLsdgHpb83NMwBg-9hs4Bbp01jixc6rtEYsw?e=cqq28z","Tonmor LLC","Done","[""Engineering""]",,"[]"
"67","Sondra Remodelation P1",,,"Residencial","3/24/2024","2024",,,,,"[""Budget"",""Schedule""]","/:f:/s/PROJECTS/EhVI5vz3AvNAloaij9h2YXQBz0vSusFj7gewRVPEtZDGMQ?e=Zwr9DG",,"Canceled","[""Project Management""]",,"[]"
"68","Ginna Laundry",,,"Commercial","3/21/2024","2024",,,,,"[""Interior Design""]","/:f:/s/PROJECTS/Ei7E3fZARi1Mh1LznDHs_AIBcS74BWfV1fU4_nSEl7ndaQ?e=8gLkcd",,"Canceled","[""Architecture""]",,"[]"
"69","Epoch Storey Park","-81.216371","28.427913","Commercial","4/8/2024","2024",,,,,"[""Pool Design""]","/:f:/s/PROJECTS/EhKgnZk0FZ1EjinykKRADRcB1U8ELo4gVeWWvOqn8fUCBA?e=23eaZc","Tonmor JC","Done","[""Engineering""]",,"[]"
"70","Ortiz Residential Pool","-81.541832","28.362595","Residencial","5/18/2024","2024",,,,,"[""Pool Design""]","/:f:/s/PROJECTS/Ej08mYvtLjVMnIre5JqssKgBXRcGkJAcsdisXqrfmTVBLA?e=J3y2KG","CODE LLC","Done","[""Engineering""]",,"[]"
"71","Muro Contencion",,,"Residencial","5/13/2024","2024",,,,,"[""Structural Calculation""]",,"Kronos GMT LLC","Done","[""Engineering"",""Project Management""]",,"[]"
"73","Spa Addition Spanola","-81.4043102351779","28.5545830043115","Residencial","6/7/2024","2024",,,,,"[""Pool Design""]","/:f:/s/PROJECTS/EqvLWHrEbrBMs2bFGK_xY8ABssfnArV-CijfVasheNvANw?e=mx7pNy","CODE LLC","Done","[""Engineering""]",,"[]"
"72","Pine Island Infinity Pool","-80.7120263756594","28.4937544437371","Residencial","6/1/2024","2024",,,,,"[""Pool Design""]","/:f:/s/PROJECTS/Eg-jkm2NoLRNst5s9ut5OqAB8vmxfR34E52YMDRJGGtRwA?e=Rbv1GA","CODE LLC","Done","[""Engineering""]",,"[]"
"44","Starkey Blueberry Farm Primary Pool",,,"Commercial","9/8/2023","2023",,,,,"[""Pool Design""]","/:f:/s/PROJECTS/EiB_CqUL2DpBkmazBT9dAbQBxDOujLxFug0gjsx9eAuDqQ?e=Dxyswz","Tonmor LLC","Canceled","[""Engineering""]",,"Starkey Blueberry Farm - Primary"
"41","Starkey Blueberry Farm Secondary Pool",,,"Commercial","8/3/2023","2023",,,,,"[""Pool Design""]","/:f:/s/PROJECTS/Eh-WB6J1gVVOkbbeNy-V1icBwnAUhYPwUePYdWk3s97EYg?e=Iec2Mi","Tonmor LLC","Canceled","[""Engineering""]",,"Starkey Blueberry Farm - Primary,Starkey Blueberry Farm - Secondary"
"75","Leo At Wildwood",,,"Commercial","6/18/2024","2024",,,,,"[""Pool Design""]","/:f:/s/PROJECTS/EsXMLZsi99NAvwaQxaSTCpUBQUefjvjhF2Sr1MFx4pr2uQ?e=ZbDVT0","Tonmor JC","Canceled","[""Engineering""]",,"[]"
"90","West Hamil- Dock","-81.3634200333189","28.8079407995862","Commercial","11/8/2024","2024",,,,,"[""Technical Plans""]",,,"Done","[""Engineering""]",,"[]"
"77","Gasworx Courtyard Waterfeature","-82.3138590142636","27.0246785833872","Commercial","6/24/2024","2024",,,,,"[""Pool Design""]",,"Tonmor JC","Done","[""Engineering""]",,"[]"
"80","Pool Challenge - Tennessee - 2024","-86.809711","36.050789","Residencial","8/19/2024","2024",,,,,"[""Pool Design""]","/:f:/s/PROJECTS/EsLKLixxW1JMo1D4BUNB3PEBuKhr6fyoEbA7ntrJTOuQaw?e=2g3qxW","Kronos GMT LLC","Done","[""Architecture""]",,"[]"
"89","Macy Island Road","-81.347972","28.259722","Commercial","11/5/2024","2024",,,,,,,"CAS Constructions","Done","[""Engineering""]",,"[]"
"92","Building 20 Renovations - RFP RR-2501 USF B-20 RENOVATIONS","-81.4735020601867","28.4777974343353","Commercial","1/23/2025","2025",,,,,"[""Budget""]","/:f:/s/PROJECTS/EnyxecY1HjxKmpzhgdON7r0BuSjgM4xvN3N_Rh3ETFajEg?e=bi1BQX","GDC All Construction","Done","[""Project Management""]",,"[]"
"94","Altera Palmeto","-82.550294","27.568102","Commercial","2/27/2025","2025",,,,,"[""Pool Design""]",,"Tonmor JC","Permission","[""Engineering""]","Manatee County","[]"
"98","Nolte RD - Medical Office","-81.2810997910119","28.2240489809502","Commercial","4/15/2025","2025",,,,,"[""Budget"",""Schedule""]","/:f:/s/PROJECTS/Eih3QGt5a5VOuc8BO-JVcf4BRpITSNi7HXgjxn8kasQHhg?e=GmyI36","Supreme Construction Orlando","In Progress","[""Project Management""]",,"[]"
"100","UCF - RWC Bath _ Locker Room Renovation","-81.2003031428383","28.6020202021234","Commercial","4/22/2025","2025",,,,,"[""Budget"",""Schedule""]","/:f:/s/PROJECTS/EqkxbD595XpHjE2zm3Z4zzkB45NHW85nY_7g-qXM1KgqDw?e=DeJvsg","GDC All Construction","Canceled","[""Project Management""]",,"[]"
"102","Florida Medical Center","-81.6388964198496","28.1663793761737","Commercial","4/24/2025","2025",,,,,"[""Budget"",""Schedule""]","/:f:/s/PROJECTS/EvTrSKtlEPtJjA0yOHNvqxwBUG4TcT-Zk1WEIxX2rxH58Q?e=6HFQWp","Supreme Construction Orlando","In Progress","[""Project Management""]",,"[]"
"107","Khanna Residence - Daughter Side","-81.5422761044955","28.4799134989881","Residencial","5/22/2025","2025",,,,,"[""Budget"",""Schedule""]","/:f:/s/PROJECTS/EvlS3GEaUBdPnnxE3XwquvAB01GSOOTRWEYmVj1NL2R8Xw?e=PBbaAL","Supreme Construction Orlando","In Progress","[""Project Management""]",,"[]"
"108","Graham","-81.6708529198374","28.5003092630345","Residencial","6/4/2025","2025",,,,,"[""Schedule""]","/:f:/s/PROJECTS/EsyQtAVyGMxBtScwbUQoUnMBZv6_B_awfheUGtKR4Y7UPw?e=4NUgar","Supreme Construction Orlando","In Progress","[""Project Management""]",,"[]"
"109","Blue & Green Diamond","-80.1402479199323","25.7910651390486","Commercial","6/5/2025","2025",,,,,"[""Pool Design""]","/:f:/s/PROJECTS/Ep9Hv2-a-ORGqObWXz0_cQIBxhMUDlXQZ5hRUBiQQw-s6g?e=JOnA2g","Tonmor JC","In Progress","[""Engineering""]",,"[]"
"110","WDW RC CT Bay Lake Tower Cove Pool and Spa",,,"Commercial","6/2/2025","2025",,,,,"[""Pool Design""]","/:f:/s/PROJECTS/EqBUQG2QVb5Cn6W-UQTa8uwBKLMsgsqqk39O6sc1A9jQAA?e=22p8ba","Tonmor JC","In Progress","[""Engineering""]",,"[]"
"111","Raju Property","-81.5095312198404","28.4167379066365","Residencial","6/28/2025","2025",,,,,"[""Schedule"",""Budget""]","/:f:/s/PROJECTS/EtxUFIr8kdxIqALfHn4-Sx0B2sz5aRL0peOpbqlrOBaD6A?e=imKm9d","Supreme Construction Orlando","In Progress","[""Project Management""]",,"[]"
"112","Polynesia Stairs",,,"Commercial","6/28/2025","2025",,,,,"[""Schedule"",""Budget""]","/:f:/s/PROJECTS/EhzWar0UQppCkp_QLgkMsgwB8LDZeGcEnkmgUOgWMXfl4A?e=qVJJuY","GDC All Construction","Not Started","[""Project Management""]",,"[]"
"113","The Residences At Merrick Park Pool","-80.259857162263","25.732990479549","Commercial","7/1/2025","2025",,,,,"[""Pool Design""]","/:f:/s/PROJECTS/ErMydhwxSCdChx9vld8fsw0BtECeUz4ZmN5Lhu--1jlXkA?e=YFIaUV","Tonmor JC","In Progress","[""Engineering""]",,"[]"
"114","Graham Interior Design","-81.6708958351799","28.5004224068568","Residencial","7/10/2025","2025",,,,,"[""Interior Design""]","/:f:/s/PROJECTS/Ej38Xs4t7DFGnT97HiZpE5kB5JZIv2yYGDpXQGeJJYhfCA?e=7DMbmr","GDC All Construction","Not Started","[""Architecture""]",,"[]"
"115","Summerlit Fountain","-81.6890170641342","26.0431054718683","Commercial","7/8/2025","2025",,,,,"[""Pool Design""]","/:f:/s/PROJECTS/EinY920OENBHt7e4jWg6ZB0BM9cy3eM2rnNNzn_TqodhWw?e=LWk1py","Tonmor LLC","In Progress","[""Engineering""]",,"[]"
"116","Cambria Hotel - Restaurant",,,"Commercial","7/18/2025","2025",,,,,"[""Interior Design""]",,"Supreme Construction Orlando","In Progress","[""Architecture""]",,"[]"
"117","Lumberyard Pool",,,"Commercial","7/29/2025","2025",,,,,"[""Pool Design""]","/:f:/s/PROJECTS/EufccFIf1lhMj5g4QkrJwc8B2i-7-XZp1bF9MDCQlK2l3g?e=KndGxm","Tonmor LLC","In Progress","[""Engineering""]",,"[]"
